Sale Amount,SA
-0.16795682984998614,1
-0.23422142075111552,0
-0.2722940995178383,0
3.896754874673464,1
-0.17679513027797536,1
-0.0700556558784133,1
-0.2250658480000703,0
-0.2495411414929635,0
-0.0410479006275769,1
-0.2105619703746521,0
-0.20421652391353162,1
-0.4099902877241523,0
-0.23956972562548848,0
-0.36738514719948634,0
-0.1090348269967247,1
-0.3220605296200545,0
0.6388213630639011,1
-0.21418793978100664,0
-0.018385591837860968,1
-0.20059055450717708,1
0.0949259521107187,1
0.6614836718536171,1
-0.12716467402849746,1
-0.2450086797350203,0
-0.1090348269967247,1
0.7476004452545376,1
-0.22234637094530438,0
0.2580945753966734,1
0.42398267573739407,1
-0.26767098852473625,0
-0.43990453532657736,0
-0.3175280678621113,0
-0.04558036238552009,1
-0.40137861038406025,0
2.5197929926103235,1
-0.3379241457728556,0
-0.14982698281821338,1
0.0269390257415709,1
0.5459058970260658,1
-0.05237905502243487,1
-0.12716467402849746,1
-0.27220345028267945,0
-0.3097548959472387,0
-0.27220345028267945,0
1.3594827825768678,1
-0.21781390918736118,0
0.9107690685404923,1
0.0718149296069664,1
0.10852333738454827,1
-0.15889190633409975,1
-0.3084631443462249,0
-0.16795682984998614,1
-0.3084631443462249,0
-0.22687883270324757,0
-0.23141129446119074,0
-0.16795682984998614,1
-0.3371989518915847,0
-0.4485162126666694,0
-0.4444369970845205,0
-0.2513541261961408,0
-0.04558036238552009,1
-0.2495411414929635,0
-0.16795682984998614,1
-0.19070978787486093,1
0.15928690907351195,1
0.05866625804717321,1
-0.36285268544154314,0
-0.3583202236836,0
-0.2450086797350203,0
-0.25407360325090667,0
-0.2472749106139919,0
-0.06824267117523602,1
-0.32387351432323175,0
-0.15889190633409975,1
0.23089980484901432,1
-0.16433086044363157,1
0.026848376506412037,1
1.1600544652273677,1
-0.2350372638675453,0
-0.11084781169990197,1
-0.18336719982699295,1
-0.10450236523878152,1
-0.21600092448418393,0
-0.34200336135500453,0
-0.21328144742941801,0
-0.25407360325090667,0
-0.26087229588782146,0
-0.2078424933198862,0
-0.25407360325090667,0
-0.23141129446119074,0
-0.25407360325090667,0
-0.007507683618797319,1
-0.21328144742941801,0
1.386677553124527,1
-0.036515438869633716,1
-0.36285268544154314,0
0.004276716951854967,1
-0.3084631443462249,0
-0.2495411414929635,0
-0.3302189607843522,0
-0.1770217533658725,1
-0.12263221227055426,1
-0.3048371749398704,0
-0.10450236523878152,1
0.20823749605929837,1
-0.3084631443462249,0
-0.13169713578644063,1
0.2381517436617234,1
0.7249381364648217,1
0.03625232816179256,1
3.018363785984074,1
-0.11819039974776994,1
-0.26767098852473625,0
-0.050112824143463276,1
-0.1452945210602702,1
0.7974575245919128,1
-0.2740164349858567,0
-0.31344885227996244,0
-0.15435944457615658,1
-0.27220345028267945,0
-0.3619461930899545,0
-0.4217746882948046,0
-0.11356728875466789,1
3.3773347572131747,1
-0.36738514719948634,0
-0.25860606500884986,0
0.4484579692302873,1
-0.06371020941729283,1
-0.313086255339327,0
0.16200638612827786,1
-0.10450236523878152,1
-0.29939822083033857,0
0.4031333516508554,1
-0.10994131934831335,1
-0.30393068258828176,0
-0.21146846272624073,0
-0.0773075946911224,1
1.169119388743254,1
-0.14982698281821338,1
0.4212631986826282,1
-0.1090348269967247,1
-0.26313852676679306,0
-0.36829163955107497,0
-0.3519747772224795,0
1.5045215588310499,1
-0.21781390918736118,0
-0.16342436809204294,1
-0.20693600096829753,1
-0.19968406215558845,1
-0.1770217533658725,1
-0.34562933076135904,0
-0.12716467402849746,1
-0.30393068258828176,0
-0.3080098981704306,0
-0.23594375621913394,0
-0.3102761290494022,0
-0.23820998709810554,0
-0.40636431831779773,0
0.007902686358209517,1
-0.42639779928790666,0
-0.1724892916079293,1
-0.1452945210602702,1
3.6234474306694895,1
-0.22415935564848166,0
-0.25860606500884986,0
-0.26313852676679306,0
-0.05283230119822919,1
0.19826608019182337,1
-0.26767098852473625,0
-0.3247800066748204,0
-0.4625668441162933,0
-0.14076205930232702,1
-0.25407360325090667,0
-0.19243212334287935,1
-0.4670993058742365,0
-0.28942680496286355,0
-0.44650742561554896,0
-0.4263071500527478,0
-0.3175280678621113,0
-0.4054578259662091,0
-0.26993721940370785,0
0.14297004674491648,1
-0.45433408057916524,0
-0.31707482168631695,0
-0.26767098852473625,0
-0.3175280678621113,0
-0.23594375621913394,0
-0.14982698281821338,1
-0.3179359894203262,0
0.11758826090043464,1
-0.18518018453017024,1
-0.06371020941729283,1
0.4416592765933725,1
-0.4263071500527478,0
0.14478303144809376,1
-0.3102761290494022,0
-0.29034236223796805,0
-0.25860606500884986,0
-0.2450086797350203,0
-0.2731099426342681,0
-0.30393068258828176,0
-0.15435944457615658,1
-0.21781390918736118,0
6.508359339600328,1
0.03591330002229841,1
2.2161180548281303,1
-0.0727751329331792,1
-0.2767359120406226,0
-0.36511891632051474,0
-0.40364484126303185,0
-0.027541164588906205,1
-0.23685024857072257,0
-0.23866323327389985,0
0.07226364332100277,1
-0.32387351432323175,0
0.46948133984833096,1
-0.10359587288719288,1
-0.43219935033807394,0
-0.39457991774714546,0
0.23996472836490068,1
-0.3220605296200545,0
3.720895358465268,1
-0.3895035605782491,0
-0.36738514719948634,0
0.8881067597507765,1
-0.1452945210602702,1
-0.1589825555692586,1
-0.4172422265368614,0
0.5889642837265261,1
-0.23594375621913394,0
-0.3265929913779977,0
0.08132856683688915,1
0.1923738799064972,1
-0.22687883270324757,0
2.6059097660112442,1
-0.25407360325090667,0
-0.27548948505718823,0
-0.2632291760019519,0
-0.3583202236836,0
-0.38188902482490455,0
-0.20421652391353162,1
-0.00025574480608822007,1
0.2898218077022757,1
0.6189918428728998,1
-0.3855149942312591,0
-0.19113130681834964,1
-0.25860606500884986,0
1.2461712386282882,1
0.04960133453128684,1
-0.16342436809204294,1
-0.3424566075307988,0
-0.335657914893884,0
-0.13713608989597245,1
-0.24410218738343167,0
-0.14076205930232702,1
-0.25708587733523575,0
0.18557518726958244,1
-0.25407360325090667,0
-0.16569059897101454,1
-0.09090497996495196,1
1.1373921564376517,1
2.5455881389671298,1
-0.1770217533658725,1
0.05056221642397079,1
0.6478862865797875,1
1.4048074001562998,1
-0.3012112055335158,0
-0.3809825324733159,0
-0.11356728875466789,1
-0.335657914893884,0
-0.1838204460027873,1
-0.31707482168631695,0
-0.2654011316763583,0
-0.05473593513656533,1
-0.36838228878623386,0
0.18738817197275973,1
-0.3833847372050258,0
0.29979322356975074,1
-0.17257994084308817,1
1.341352935545095,1
-0.1353231051927952,1
-0.23956972562548848,0
-0.19968406215558845,1
-0.18608667688175887,1
-0.038328423572810986,1
4.457420394131036,1
1.2507037003862314,1
0.11758826090043464,1
-0.31571508315893404,0
0.04960133453128684,1
-0.3447228384097704,0
-0.22687883270324757,0
-0.10994131934831335,1
-0.35387841116081564,0
-0.1770217533658725,1
1.024080612489072,1
-0.22243702018046324,0
-0.24260647500331042,0
-0.4215507846839622,0
-0.08637251820700877,1
-0.18971264628811343,1
-0.15435944457615658,1
-0.23141129446119074,0
-0.0410479006275769,1
0.017874102225684526,1
-0.2812683737985658,0
0.6052811460551216,1
-0.4172422265368614,0
-0.3220605296200545,0
-0.2767359120406226,0
-0.17792824571746113,1
-0.23594375621913394,0
-0.2450086797350203,0
-0.3311254531359409,0
-0.3492553001677136,0
0.032831226026897045,1
-0.30166445170931017,0
-0.3175280678621113,0
-0.08637251820700877,1
-0.1090348269967247,1
-0.19968406215558845,1
-0.4027383489114432,0
-0.19968406215558845,1
0.2426842054196666,1
-0.2078424933198862,0
1.1872492357750268,1
-0.17711240260103137,1
-0.004788206564031407,1
-0.050112824143463276,1
-0.19288536951867366,1
-0.3084631443462249,0
-0.1452945210602702,1
-0.39004745598920226,0
-0.3710111166058409,0
1.069405230068504,1
1.2405056614308592,1
-0.26767098852473625,0
-0.27809565056800556,0
-0.2994888700654974,0
-0.15345295222456792,1
-0.335657914893884,0
-0.011586899200946188,1
-0.2948657590723954,0
-0.21328144742941801,0
0.004276716951854967,1
-0.18200746129961,1
-0.12716467402849746,1
-0.19515160039764526,1
4.423426930946462,1
-0.07889395630640252,1
-0.2767359120406226,0
-0.19968406215558845,1
-0.43083961181069097,0
0.11758826090043464,1
3.3356361090400974,1
-0.14302829018129862,1
-0.29939822083033857,0
-0.1090348269967247,1
-0.3084631443462249,0
-0.2567930803056726,0
-0.3447228384097704,0
-0.3537877619256568,0
-0.2495411414929635,0
4.060829990311007,1
1.046742921278788,1
-0.32024754491687724,0
-0.23594375621913394,0
1.8852483464982777,1
0.2762244224284462,1
-0.3583202236836,0
0.025579287214187944,1
-0.3401903766518272,0
-0.21790455842252004,0
-0.19968406215558845,1
-0.24047621797707713,0
-0.240566867212236,0
-0.1772937010713491,1
1.6133006410216864,1
-0.20421652391353162,1
0.16291287847986652,1
-0.36466567014472046,0
1.2960283179656633,1
-0.08637251820700877,1
-0.41361625713050687,0
-0.1452945210602702,1
-0.2938414227151002,0
-0.43083961181069097,0
-0.3977526409777057,0
-0.29939822083033857,0
0.22410111221209952,1
-0.27220345028267945,0
-0.13169713578644063,1
-0.08637251820700877,1
-0.14538517029542905,1
-0.1363202467795427,1
0.2671594989125598,1
-0.09090497996495196,1
0.22183488133312793,1
-0.2885203126112749,0
-0.35400078762828013,0
0.31475034737096325,1
0.23996472836490068,1
0.02784551809315954,1
-0.2812683737985658,0
-0.31934105256528855,0
-0.4099902877241523,0
-0.3129956061041681,0
0.039629918663811825,1
-0.19968406215558845,1
-0.10450236523878152,1
2.5197929926103235,1
1.7945991113394137,1
-0.1770217533658725,1
-0.19515160039764526,1
0.06773118156305959,1
-0.2812683737985658,0
-0.3175280678621113,0
-0.3220605296200545,0
-0.3228763727364843,0
-0.29531900524818966,0
-0.3809825324733159,0
-0.14982698281821338,1
-0.1842736921785816,1
1.0603403065526176,1
-0.00025574480608822007,1
-0.21586495063144562,0
-0.21962689389053847,0
-0.3855149942312591,0
-0.3152618369831397,0
-0.3229670219716431,0
-0.3061969134672533,0
-0.24908789531716918,0
-0.295772251423984,0
-0.3229670219716431,0
-0.09996990348083833,1
-0.2450086797350203,0
0.1373525136421217,1
-0.15435944457615658,1
-0.0410479006275769,1
-0.37645007071537273,0
0.9334313773302083,1
-0.2450086797350203,0
-0.1724892916079293,1
-0.3837020095280818,0
-0.3266836406131565,0
-0.05425368120552017,1
0.017874102225684526,1
-0.2955265919967035,0
-0.1815542151238157,1
-0.20421652391353162,1
-0.2767359120406226,0
-0.24319569503184305,0
-0.28127290626032375,0
-0.4263071500527478,0
-0.4217746882948046,0
0.16291287847986652,1
-0.18064772277222704,1
-0.2767359120406226,0
-0.3004062403253051,0
-0.33520466871808974,0
-0.00025574480608822007,1
0.2807568841863894,1
-0.14982698281821338,1
-0.22869181740642483,0
-0.07368162528476785,1
-0.30393068258828176,0
-0.3184345602136999,0
0.7022758276751058,1
0.2988867312181621,1
-0.44806296649087507,0
-0.08637251820700877,1
0.38953596637702587,1
-0.24509932897017916,0
-0.20059055450717708,1
-0.1815542151238157,1
-0.4009253642082659,0
-0.06371020941729283,1
2.791740698086915,1
-0.11819039974776994,1
-0.20874898567147482,0
-0.3560539928046284,0
-0.25416425248606556,0
-0.25860606500884986,0
-0.2903332973144522,0
-0.036515438869633716,1
-0.018385591837860968,1
-0.32659389787034926,0
-0.19968406215558845,1
-0.3583202236836,0
-0.23141129446119074,0
-0.27582941968903396,0
-0.2209866324179214,0
-0.46619281352264785,0
-0.3303096100195111,0
-0.13622959754438382,1
0.01334164046774134,1
-0.2948657590723954,0
-0.2055762624409146,1
-0.30393068258828176,0
-0.2812683737985658,0
-0.34200336135500453,0
-0.3265929913779977,0
-0.14982698281821338,1
-0.18246070747540433,1
1.5906383322319704,1
-0.22461260182427598,0
-0.2450086797350203,0
-0.15435944457615658,1
-0.24682166443819759,0
-0.30393068258828176,0
-0.3424566075307988,0
-0.1525464598729793,1
-0.11538027345784517,1
-0.3129956061041681,0
0.21458294252041885,1
-0.2549800956024953,0
-0.2885203126112749,0
-0.09996990348083833,1
-0.06824267117523602,1
-0.18472693835437592,1
-0.08637251820700877,1
0.04960133453128684,1
-0.054645285901406465,1
-0.3311254531359409,0
-0.16795682984998614,1
-0.348348807816125,0
0.01696760987409589,1
0.20823749605929837,1
1.1727453581496086,1
-0.4544084129519955,0
0.28528934594433253,1
3.811544593624132,1
-0.26767098852473625,0
-0.08184005644906558,1
-0.23367752534016234,0
-0.29939822083033857,0
0.03600394925745727,1
1.3359139814355634,1
-0.36285268544154314,0
-0.02110506889262688,1
-0.22189312476951006,0
-0.2450086797350203,0
0.04053641101540046,1
-0.10631534994195879,1
-0.3927669330439682,0
-0.2450086797350203,0
-0.27220345028267945,0
-0.12263221227055426,1
-0.2812683737985658,0
-0.36149294691416023,0
-0.14076205930232702,1
0.019007217665170325,1
-0.39639290245032277,0
-0.09996990348083833,1
-0.26313852676679306,0
-0.20874898567147482,0
-0.27582941968903396,0
-0.42180913500416495,0
-0.12716467402849746,1
-0.26585800382155894,0
-0.2060295086167089,1
0.22636734309107112,1
-0.20874898567147482,0
-0.16795682984998614,1
-0.3175280678621113,0
-0.1452945210602702,1
-0.14710750576344747,1
-0.285800835556509,0
-0.29849172847874994,0
-0.10450236523878152,1
-0.15435944457615658,1
0.9560936861199243,1
0.004276716951854967,1
-0.3492553001677136,0
-0.1815542151238157,1
-0.16115813721307135,1
-0.08184005644906558,1
0.017874102225684526,1
-0.3651914357086419,0
-0.15435944457615658,1
-0.0555517782529951,1
-0.0727751329331792,1
-0.3040213318234406,0
-0.24897005131146266,0
0.9388703314397402,1
0.2671594989125598,1
-0.2549800956024953,0
-0.1770217533658725,1
0.004276716951854967,1
-0.24908789531716918,0
-0.2708890363728759,0
-0.17974123042063841,1
-0.33293843783911814,0
-0.3357485641290429,0
0.14025056969015057,1
0.179229740808462,1
-0.2808151276227715,0
0.16291287847986652,1
3.648375970338177,1
-0.37191760895742954,0
-0.018385591837860968,1
-0.3709476621412297,0
-0.2450086797350203,0
0.2988867312181621,1
-0.12263221227055426,1
4.174007545625099,1
-0.41270976477891824,0
-0.13169713578644063,1
-0.2912397896660408,0
-0.24047621797707713,0
0.9769430102064629,1
-0.1724892916079293,1
-0.2895174541980224,0
-0.36738514719948634,0
-0.3040213318234406,0
-0.1770217533658725,1
0.0269390257415709,1
-0.3809825324733159,0
-0.2812683737985658,0
-0.29939822083033857,0
2.8823899332457787,1
-0.34109686900341585,0
-0.2277853250548362,0
-0.25416425248606556,0
-0.2590593111846442,0
-0.21872040153894984,0
-0.19061913863970206,1
0.07135715096941413,1
-0.06561384335562898,1
0.05866625804717321,1
-0.28489434320492035,0
-0.2677616377598951,0
0.4121982751667418,1
-0.30393068258828176,0
-0.3129956061041681,0
-0.05237905502243487,1
-0.30166445170931017,0
-0.13169713578644063,1
-0.19968406215558845,1
1.3368204737871519,1
-0.1090348269967247,1
-0.22687883270324757,0
0.09311296740754142,1
0.0269390257415709,1
-0.29849172847874994,0
-0.3175280678621113,0
-0.301755100944469,0
-0.3492553001677136,0
-0.08138681027327127,1
0.07226364332100277,1
0.0269390257415709,1
-0.1815542151238157,1
-0.17339578395951796,1
-0.2767359120406226,0
-0.2450086797350203,0
-0.3220605296200545,0
0.07226364332100277,1
-0.3148085908073454,0
-0.15435944457615658,1
-0.3107293752251965,0
-0.3655721624963091,0
-0.39367342539555683,0
-0.13169713578644063,1
-0.2903332973144522,0
-0.2812683737985658,0
-0.3401903766518272,0
-0.2813590230337247,0
-0.24319569503184305,0
-0.3129956061041681,0
-0.20421652391353162,1
2.9390457052200687,1
-0.27220345028267945,0
-0.40364484126303185,0
1.0286130742470152,1
-0.335657914893884,0
-0.3075566519946363,0
-0.09996990348083833,1
-0.2903332973144522,0
-0.15435944457615658,1
-0.1090348269967247,1
-0.3311254531359409,0
-0.3537877619256568,0
-0.05237905502243487,1
-0.2427424488560487,0
-0.46166035176470466,0
-0.25407360325090667,0
-0.09317121084392355,1
0.07226364332100277,1
-0.25860606500884986,0
-0.3176187170972702,0
-0.04467387003393145,1
-0.19061913863970206,1
-0.2930527743692181,0
-0.22008014006633278,0
0.004276716951854967,1
-0.19061913863970206,1
-0.2812683737985658,0
-0.00025574480608822007,1
-0.25416425248606556,0
-0.40364484126303185,0
0.4348605839564577,1
1.1260610020427937,1
-0.09996990348083833,1
-0.2839878508533317,0
1.2280413915965154,1
1.8807158847403345,1
-0.18608667688175887,1
-0.19968406215558845,1
0.23089980484901432,1
-0.23367752534016234,0
-0.11356728875466789,1
-0.018385591837860968,1
1.9758975816571414,1
-0.27220345028267945,0
1.0331455360049584,1
0.007902686358209517,1
-0.027450515353747342,1
-0.2812683737985658,0
-0.3129956061041681,0
-0.24682166443819759,0
-0.3311254531359409,0
-0.3438163460581818,0
-0.20874898567147482,0
0.22183488133312793,1
-0.25860606500884986,0
-0.26313852676679306,0
-0.1724892916079293,1
1.5226514058628227,1
-0.285800835556509,0
-0.3746370860121955,0
-0.036515438869633716,1
0.019166760319049923,1
-0.19968406215558845,1
-0.2014970468587657,1
-0.21781390918736118,0
-0.2903332973144522,0
1.341352935545095,1
1.169119388743254,1
0.45752289274617364,1
-0.26313852676679306,0
-0.23141129446119074,0
-0.23594375621913394,0
-0.2767359120406226,0
-0.3229670219716431,0
-0.3084631443462249,0
0.7521329070124808,1
-0.19061913863970206,1
0.22636734309107112,1
0.35327627231348036,1
-0.2812683737985658,0
0.2771309147800348,1
-0.19968406215558845,1
-0.43990453532657736,0
-0.2357461408864876,0
-0.2903332973144522,0
-0.28036188144697716,0
0.33310681749063314,1
-0.3030241902366931,0
1.7945991113394137,1
-0.276236851741379,0
-0.03297649272903167,1
-0.3102761290494022,0
-0.26767098852473625,0
-0.16342436809204294,1
-0.2767359120406226,0
0.017170664160851744,1
-0.09543744172289514,1
0.11758826090043464,1
-0.39457991774714546,0
0.06773118156305959,1
-0.39911237950508865,0
0.24902965188078705,1
0.017874102225684526,1
-0.16342436809204294,1
-0.335657914893884,0
2.406481448661744,1
-0.2632291760019519,0
-0.018385591837860968,1
0.022406563983627715,1
-0.11356728875466789,1
-0.07096214823000194,1
-0.09090497996495196,1
0.10399087562660508,1
-0.08184005644906558,1
-0.09996990348083833,1
-0.20421652391353162,1
-0.3220605296200545,0
-0.29939822083033857,0
-0.1480139981150361,1
-0.2903332973144522,0
3.3809607266195294,1
-0.025637530650570065,1
-0.37191760895742954,0
-0.3320319454875295,0
-0.4651884199970876,0
-0.3583202236836,0
-0.26313852676679306,0
1.341352935545095,1
-0.21781390918736118,0
0.7974575245919128,1
-0.1635150173272018,1
-0.3120891137525795,0
-0.24047621797707713,0
-0.4680057982258251,0
-0.050112824143463276,1
0.17197780199575288,1
-0.36738514719948634,0
0.22727383544265975,1
3.018363785984074,1
-0.36149294691416023,0
-0.2450086797350203,0
0.21730241957518476,1
2.1571960519748687,1
-0.18608667688175887,1
0.7611978305283672,1
-0.37191760895742954,0
-0.2948657590723954,0
-0.19333861569446797,1
-0.2450086797350203,0
-0.10994131934831335,1
-0.20874898567147482,0
-0.13169713578644063,1
-0.2450086797350203,0
-0.25860606500884986,0
-0.1724892916079293,1
-0.1635150173272018,1
-0.4446636201724177,0
-0.33837739194864996,0
-0.25633983412987826,0
-0.018385591837860968,1
1.075070807265933,1
-0.23866323327389985,0
0.09039349035277551,1
0.11758826090043464,1
-0.32387351432323175,0
0.16200638612827786,1
-0.2903332973144522,0
6.637534499701709,1
-0.3710111166058409,0
2.383819139872028,1
-0.1090348269967247,1
-0.16115813721307135,1
-0.3401903766518272,0
-0.23594375621913394,0
-0.08637251820700877,1
-0.34200336135500453,0
-0.08184005644906558,1
-0.15435944457615658,1
-0.24963179072812236,0
0.8201198333816286,1
0.0016651124869281025,1
-0.2495411414929635,0
-0.28036188144697716,0
-0.35560074662883406,0
-0.17257994084308817,1
-0.26313852676679306,0
-0.1770217533658725,1
-0.40817730302097505,0
-0.46166035176470466,0
0.07679610507894595,1
-0.19061913863970206,1
-0.2812683737985658,0
-0.26313852676679306,0
-0.18608667688175887,1
-0.4467032279634921,0
-0.15889190633409975,1
0.004276716951854967,1
-0.06371020941729283,1
-0.11809975051261108,1
-0.14620101341185884,1
-0.3048371749398704,0
0.4212631986826282,1
-0.3093696366978136,0
0.4348605839564577,1
-0.06371020941729283,1
-0.3085537935813838,0
0.6705485953695035,1
-0.17067630690475205,1
-0.009320668321974594,1
-0.1280711663800861,1
-0.3129956061041681,0
-0.2812683737985658,0
-0.23594375621913394,0
-0.13441661284120654,1
-0.15889190633409975,1
-0.16550930050069682,1
0.11758826090043464,1
-0.3447228384097704,0
0.06773118156305959,1
-0.25407360325090667,0
-0.2767359120406226,0
-0.2450086797350203,0
-0.01747909948627233,1
-0.3084631443462249,0
-0.39004745598920226,0
-0.1815542151238157,1
-0.34744231546453636,0
-0.4462499817876978,0
0.561769513178867,1
-0.39639290245032277,0
-0.25987515430107394,0
-0.13169713578644063,1
0.34421134879759396,1
-0.20648275479250322,1
-0.3084631443462249,0
-0.30393068258828176,0
0.04858515660515597,1
0.5481721279050374,1
0.021450214552701703,1
-0.3809825324733159,0
0.8881067597507765,1
-0.26313852676679306,0
1.6592652422013399,1
-0.1770217533658725,1
0.02784551809315954,1
0.5980292072424125,1
-0.08637251820700877,1
-0.4444369970845205,0
-0.32568649902640906,0
-0.23685024857072257,0
1.839017236567257,1
-0.09996990348083833,1
-0.19968406215558845,1
-0.3583202236836,0
-0.3855149942312591,0
-0.06497929870951692,1
2.338494522292596,1
-0.14076205930232702,1
-0.30393068258828176,0
-0.2450086797350203,0
-0.2812683737985658,0
-0.16342436809204294,1
-0.416317604338241,0
-0.33157869931173517,0
0.20823749605929837,1
-0.04113854986273577,1
-0.3052904211156647,0
1.2053790828067996,1
-0.2948657590723954,0
-0.13894907459914974,1
-0.22143987859371575,0
-0.2776424043922113,0
-0.12716467402849746,1
2.7872082363289716,1
-0.23594375621913394,0
-0.22143987859371575,0
-0.23866323327389985,0
-0.16342436809204294,1
-0.26585800382155894,0
-0.0773075946911224,1
-0.2830813585017431,0
-0.21328144742941801,0
0.3278944864689985,1
-0.25407360325090667,0
0.24902965188078705,1
-0.20648275479250322,1
-0.14076205930232702,1
-0.19515160039764526,1
-0.20421652391353162,1
-0.2495411414929635,0
-0.21736066301156687,0
-0.203310031561943,1
-0.23594375621913394,0
0.10752619579780076,1
-0.335657914893884,0
-0.2903332973144522,0
-0.24591517208660896,0
-0.09996990348083833,1
0.008809178709798153,1
-0.19061913863970206,1
4.287453078208166,1
-0.054645285901406465,1
1.6133006410216864,1
0.13481161558061874,1
-0.3175280678621113,0
0.5481721279050374,1
-0.16342436809204294,1
0.04053641101540046,1
-0.24410218738343167,0
-0.37191760895742954,0
0.1529414626123915,1
-0.26767098852473625,0
-0.3129956061041681,0
-0.24546192591081462,0
-0.19061913863970206,1
-0.23784739015747008,0
1.069405230068504,1
-0.06371020941729283,1
0.7747952158021968,1
-0.2450086797350203,0
2.8823899332457787,1
-0.030169992408513254,1
-0.15435944457615658,1
-0.22234637094530438,0
-0.4580343823583501,0
-0.2360344054542928,0
-0.23594375621913394,0
-0.11719325816102244,1
0.9715040560969311,1
-0.20421652391353162,1
0.5255098191153215,1
1.2507037003862314,1
-0.4455701125240063,0
-0.16433086044363157,1
2.2478452871337327,1
-0.1330568743138236,1
-0.21328144742941801,0
0.19781283401602903,1
-0.2812683737985658,0
0.03328447220269136,1
-0.4625668441162933,0
-0.1942451080460566,1
-0.33384493019070677,0
-0.1452945210602702,1
-0.36466567014472046,0
1.5226514058628227,1
-0.06371020941729283,1
-0.16795682984998614,1
0.4801852015358896,1
-0.3175280678621113,0
0.21730241957518476,1
-0.20421652391353162,1
-0.20874898567147482,0
0.08948699800118688,1
-0.38188902482490455,0
-0.22234637094530438,0
2.2025206695543007,1
-0.23594375621913394,0
-0.1262581816769088,1
-0.2495411414929635,0
-0.39457991774714546,0
-0.43083961181069097,0
-0.25520671869039246,0
-0.1090348269967247,1
-0.24682166443819759,0
-0.2903332973144522,0
-0.35560074662883406,0
-0.15435944457615658,1
-0.30393068258828176,0
-0.25407360325090667,0
-0.17180942234423785,1
0.20823749605929837,1
-0.3583202236836,0
-0.3265929913779977,0
-0.40817730302097505,0
0.38953596637702587,1
-0.29758523612716126,0
-0.35016179251930224,0
-0.004788206564031407,1
-0.24682166443819759,0
0.20823749605929837,1
-0.2948657590723954,0
-0.018385591837860968,1
2.6059097660112442,1
-0.3401903766518272,0
-0.335657914893884,0
-0.14710750576344747,1
-0.26313852676679306,0
-0.25860606500884986,0
-0.3855149942312591,0
-0.22932636205253687,0
-0.39004745598920226,0
-0.15889190633409975,1
-0.32931246843276357,0
0.18104272551163925,1
0.03600394925745727,1
-0.11365793798982675,1
-0.24509932897017916,0
0.16472586318304377,1
-0.0773075946911224,1
-0.2472749106139919,0
0.20823749605929837,1
-0.3175280678621113,0
-0.18608667688175887,1
-0.240566867212236,0
-0.25860606500884986,0
-0.13461966712796242,1
0.74741914678422,1
-0.1452945210602702,1
-0.09090497996495196,1
0.17107130964416425,1
0.34421134879759396,1
-0.3837020095280818,0
-0.285800835556509,0
-0.23956972562548848,0
-0.3809825324733159,0
-0.3003047131819272,0
0.026848376506412037,1
-0.24319569503184305,0
-0.3107293752251965,0
-0.24138271032866576,0
-0.2903332973144522,0
-0.027450515353747342,1
-0.41270976477891824,0
0.7883926010760264,1
-0.15435944457615658,1
-0.03198297711169053,1
-0.295772251423984,0
0.40675932105720997,1
-0.3492553001677136,0
-0.0773075946911224,1
-0.25407360325090667,0
-0.06597644029626443,1
-0.43990453532657736,0
-0.3701046242542523,0
-0.27945538909538853,0
0.3523697799618917,1
2.791740698086915,1
-0.29939822083033857,0
-0.2767359120406226,0
-0.31943170180044744,0
-0.2812683737985658,0
0.1458254976524207,1
0.7974575245919128,1
-0.39095394834079095,0
-0.31888780638949427,0
-0.08637251820700877,1
-0.23141129446119074,0
1.6133006410216864,1
-0.2790021429195942,0
-0.13169713578644063,1
-0.19061913863970206,1
-0.43083961181069097,0
-0.27220345028267945,0
-0.14982698281821338,1
-0.2903332973144522,0
-0.15066730122813604,1
-0.19787107745241117,1
-0.29214628201762943,0
-0.3123610614580561,0
0.7512264146608922,1
-0.36285268544154314,0
-0.33837739194864996,0
-0.19977471139074732,1
-0.39004745598920226,0
-0.12263221227055426,1
-0.35922671603518863,0
-0.3583202236836,0
-0.33293843783911814,0
-0.2948657590723954,0
0.20823749605929837,1
0.7929250628339696,1
-0.14982698281821338,1
-0.29939822083033857,0
-0.09543744172289514,1
-0.45733728973997845,0
-0.16795682984998614,1
-0.40364484126303185,0
0.07226364332100277,1
4.2554992228146675,1
-0.3084631443462249,0
-0.335657914893884,0
-0.43990453532657736,0
0.12212072265837783,1
0.38953596637702587,1
-0.3583202236836,0
-0.2903332973144522,0
-0.42469359366692,0
-0.4021337185129336,0
-0.21600092448418393,0
-0.2549800956024953,0
-0.11356728875466789,1
-0.06824267117523602,1
0.8881067597507765,1
-0.3683958861715077,0
2.590508460957753,1
-0.3855149942312591,0
0.07135715096941413,1
0.04506887277334365,1
-0.36738514719948634,0
-0.3809825324733159,0
-0.14076205930232702,1
-0.2903332973144522,0
-0.1815542151238157,1
-0.21328144742941801,0
-0.14257504400550428,1
-0.3583202236836,0
-0.0773075946911224,1
1.024080612489072,1
-0.3809825324733159,0
0.05186756541025843,1
0.34330485644600534,1
-0.19968406215558845,1
-0.25869671424400875,0
-0.3012112055335158,0
-0.39004745598920226,0
-0.1162867658094338,1
-0.13169713578644063,1
-0.3927669330439682,0
-0.21328144742941801,0
-0.03370168661030259,1
-0.08637251820700877,1
-0.21101521655044642,0
-0.1770217533658725,1
-0.26313852676679306,0
-0.0773075946911224,1
-0.15435944457615658,1
-0.04648685473710872,1
2.111871434395437,1
-0.3084631443462249,0
-0.23141129446119074,0
-0.27138760716624966,0
-0.28942680496286355,0
-0.12716467402849746,1
-0.46737125357971304,0
0.3804710428611395,1
0.35599574936824624,1
-0.25633983412987826,0
-0.3610397007383659,0
-0.018385591837860968,1
-0.1724892916079293,1
-0.19061913863970206,1
0.14025056969015057,1
-0.2903332973144522,0
0.2835769818921816,1
-0.25407360325090667,0
0.09039349035277551,1
0.09945841386866189,1
-0.25860606500884986,0
-0.24963179072812236,0
-0.3401903766518272,0
-0.21781390918736118,0
-0.14982698281821338,1
-0.25316711089931804,0
0.2081468468241395,1
-0.38914096363761363,0
0.2037050343013552,1
0.126653184416321,1
-0.18608667688175887,1
0.09129998270436415,1
0.11758826090043464,1
-0.1724892916079293,1
-0.25416425248606556,0
0.14886224703024262,1
-0.0410479006275769,1
-0.0773075946911224,1
-0.10359587288719288,1
-0.30665015964304765,0
0.1311856461742642,1
-0.21328144742941801,0
-0.3175280678621113,0
-0.24509932897017916,0
-0.45259542824881827,0
-0.2205333862421271,0
-0.1765685071900782,1
-0.08646316744216763,1
1.9532352728674254,1
-0.16342436809204294,1
-0.41406950330630116,0
1.6133006410216864,1
-0.0410479006275769,1
-0.25235126778288824,0
-0.16342436809204294,1
-0.07286578216833807,1
-0.3129956061041681,0
-0.335657914893884,0
-0.06751747729396511,1
-0.2350372638675453,0
-0.14348153635709293,1
-0.19968406215558845,1
2.338494522292596,1
-0.2835346046775374,0
-0.24364894120763736,0
-0.36738514719948634,0
-0.11809975051261108,1
1.7945991113394137,1
0.4865306479970101,1
-0.3688355349620282,0
-0.3003047131819272,0
-0.1647841066194259,1
-0.36492130098786846,0
-0.1090348269967247,1
-0.09317121084392355,1
1.5181189441048795,1
-0.15889190633409975,1
2.6557668453486194,1
-0.40636431831779773,0
-0.26313852676679306,0
-0.17965058118547955,1
-0.18608667688175887,1
-0.3220605296200545,0
-0.3837020095280818,0
-0.23141129446119074,0
-0.22687883270324757,0
-0.2785488967437999,0
-0.22687883270324757,0
0.008809178709798153,1
-0.25633983412987826,0
-0.4099902877241523,0
-0.11900624286419971,1
0.7430679834965944,1
-0.10994131934831335,1
-0.10368652212235174,1
1.726612184970266,1
-0.15889190633409975,1
-0.3855149942312591,0
0.23452577425536886,1
-0.3084631443462249,0
-0.004788206564031407,1
0.14206355439332785,1
0.9606261478778675,1
-0.2477281567897862,0
-0.29849172847874994,0
-0.2595125573604385,0
-0.20874898567147482,0
-0.10087639583242697,1
-0.11084781169990197,1
-0.2812683737985658,0
-0.19061913863970206,1
0.1946401107854688,1
-0.18880615393652478,1
-0.04558036238552009,1
-0.16795682984998614,1
-0.22234637094530438,0
-0.34290985370659316,0
-0.1724892916079293,1
0.14025056969015057,1
-0.1090348269967247,1
0.7747952158021968,1
-0.15445009381131544,1
-0.42970649637120517,0
-0.2767359120406226,0
0.4801852015358896,1
-0.26313852676679306,0
-0.3220605296200545,0
0.38953596637702587,1
-0.3366913161746951,0
-0.25860606500884986,0
-0.4172422265368614,0
-0.22234637094530438,0
0.017874102225684526,1
-0.2477281567897862,0
0.09039349035277551,1
-0.26313852676679306,0
-0.25271386472352375,0
-0.15889190633409975,1
-0.2450086797350203,0
-0.20874898567147482,0
-0.11809975051261108,1
-0.2994888700654974,0
-0.2767359120406226,0
-0.24319569503184305,0
-0.18608667688175887,1
-0.2767359120406226,0
-0.3877812251102307,0
-0.1942451080460566,1
-0.2830813585017431,0
-0.19515160039764526,1
-0.2903332973144522,0
-0.21781390918736118,0
-0.12716467402849746,1
0.00871852947463929,1
-0.22234637094530438,0
-0.38642148658284775,0
0.0949259521107187,1
-0.40817730302097505,0
-0.2613255420636158,0
-0.4670993058742365,0
-0.24047621797707713,0
-0.4154292418336841,0
1.386677553124527,1
-0.2903332973144522,0
-0.13622959754438382,1
-0.2595125573604385,0
-0.25860606500884986,0
1.1147298476479357,1
-0.150733475169802,1
0.03147148749951409,1
-0.25180737237193507,0
-0.20059055450717708,1
-0.4467032279634921,0
-0.13622959754438382,1
-0.2472749106139919,0
-0.14076205930232702,1
-0.3618555438547957,0
0.2796917556732727,1
-0.2812683737985658,0
-0.3197942987410829,0
0.6886784424012762,1
-0.4099902877241523,0
-0.3447228384097704,0
-0.054645285901406465,1
-0.4489694588424637,0
-0.25407360325090667,0
-0.03198297711169053,1
-0.2903332973144522,0
0.116681768548846,1
-0.29849172847874994,0
0.03600394925745727,1
-0.2014970468587657,1
0.16282222924470766,1
-0.24047621797707713,0
-0.36889626994958463,0
-0.27220345028267945,0
-0.048299839440286,1
-0.16795682984998614,1
0.05413379628923002,1
-0.3010299070631981,0
-0.27582941968903396,0
-0.2994888700654974,0
-0.20874898567147482,0
-0.1743022763111066,1
-0.20874898567147482,0
-0.0410479006275769,1
0.11758826090043464,1
-0.25416425248606556,0
0.017874102225684526,1
0.18104272551163925,1
-0.3701046242542523,0
-0.39004745598920226,0
0.0609324889261448,1
0.04960133453128684,1
-0.2740164349858567,0
-0.08637251820700877,1
-0.267852286995054,0
0.05866625804717321,1
2.366595785191844,1
-0.1815542151238157,1
-0.054645285901406465,1
-0.2767359120406226,0
0.20823749605929837,1
-0.37191760895742954,0
-0.38188902482490455,0
-0.2495411414929635,0
-0.2948657590723954,0
-0.23594375621913394,0
1.1555220034694245,1
0.07321546029017084,1
-0.4580343823583501,0
-0.39231368686817386,0
-0.20883963490663368,0
0.5708344366947534,1
-0.42186533752996347,0
-0.2903332973144522,0
-0.29395926672080674,0
0.004276716951854967,1
-0.24047621797707713,0
-0.24047621797707713,0
-0.46528632117105917,0
-0.3311254531359409,0
-0.09199277078685832,1
-0.0773075946911224,1
-0.22234637094530438,0
0.32154904000787804,1
0.04053641101540046,1
-0.21328144742941801,0
-0.3311254531359409,0
-0.43763830444760576,0
0.011075409588769748,1
0.2943542694602189,1
-0.27129695793109077,0
-0.2902426480792933,0
-0.2694839732279135,0
-0.060990732362526924,1
0.04506887277334365,1
-0.3084631443462249,0
-0.24047621797707713,0
-0.285800835556509,0
0.3333334405785303,1
-0.20512301626512028,1
0.09673893681389598,1
-0.3175280678621113,0
-0.26767098852473625,0
-0.2767359120406226,0
-0.31390209845575673,0
-0.2549800956024953,0
0.7974575245919128,1
-0.26313852676679306,0
0.45997042209546296,1
0.19010764902752564,1
0.01696760987409589,1
-0.32931246843276357,0
-0.1724892916079293,1
1.6359629498114023,1
2.8778574714878356,1
0.14478303144809376,1
0.07225911085924483,1
-0.43537207356863417,0
0.45752289274617364,1
-0.29939822083033857,0
-0.18608667688175887,1
-0.20059055450717708,1
-0.15435944457615658,1
-0.04558036238552009,1
-0.2694839732279135,0
-0.3220605296200545,0
-0.10268938053560424,1
-0.25860606500884986,0
-0.1770217533658725,1
-0.26313852676679306,0
-0.34744231546453636,0
-0.2948440032559572,0
-0.15889190633409975,1
-0.15435944457615658,1
-0.42413156840893507,0
-0.4217746882948046,0
-0.1747555224869009,1
-0.16614384514680886,1
-0.36466567014472046,0
-0.2613255420636158,0
2.338494522292596,1
-0.388234471286025,0
-0.12263221227055426,1
1.341352935545095,1
-0.29042394654961107,0
-0.029716746232718933,1
-0.27582941968903396,0
-0.3084631443462249,0
-0.19197887716708503,1
-0.3175280678621113,0
-0.08995316299578389,1
-0.22234637094530438,0
-0.40364484126303185,0
-0.1770217533658725,1
0.0269390257415709,1
-0.40364484126303185,0
-0.335657914893884,0
-0.14937373664241907,1
-0.24047621797707713,0
-0.26767098852473625,0
0.4212631986826282,1
-0.23141129446119074,0
-0.29418588980870386,0
-0.43083961181069097,0
-0.19515160039764526,1
-0.34109686900341585,0
-0.29758523612716126,0
-0.3859682404070534,0
-0.09996990348083833,1
-0.346989069288742,0
-0.19061913863970206,1
0.4801852015358896,1
-0.14710750576344747,1
-0.2903332973144522,0
-0.2632291760019519,0
-0.29849172847874994,0
0.0721729940858439,1
-0.3537877619256568,0
-0.2450086797350203,0
2.111871434395437,1
1.1600544652273677,1
0.2988867312181621,1
-0.16251787574045432,1
-0.27809565056800556,0
-0.20883963490663368,0
-0.335657914893884,0
-0.3175280678621113,0
-0.2581528188330556,0
-0.2495411414929635,0
-0.3274994837295863,0
-0.34290985370659316,0
0.14478303144809376,1
-0.36285268544154314,0
-0.41270976477891824,0
-0.41270976477891824,0
-0.2450086797350203,0
-0.2903332973144522,0
-0.01385313007991778,1
-0.23141129446119074,0
-0.3401903766518272,0
-0.19968406215558845,1
-0.2903332973144522,0
-0.1942451080460566,1
-0.1815542151238157,1
-0.19243212334287935,1
-0.13360076972477677,1
-0.2613255420636158,0
-0.18608667688175887,1
0.0949259521107187,1
1.5226514058628227,1
-0.09996990348083833,1
-0.13622959754438382,1
-0.15435944457615658,1
-0.2495411414929635,0
-0.3129956061041681,0
-0.32931246843276357,0
-0.3692887811378225,0
-0.19834879892169838,1
-0.335657914893884,0
0.8427821421713446,1
0.4212631986826282,1
-0.305743667291459,0
-0.10994131934831335,1
1.5226514058628227,1
1.001418303699356,1
-0.1770217533658725,1
-0.10450236523878152,1
-0.12716467402849746,1
-0.036515438869633716,1
-0.15435944457615658,1
1.749274493759982,1
-0.42857338093171937,0
-0.054645285901406465,1
-0.2839878508533317,0
-0.16342436809204294,1
-0.0773075946911224,1
-0.36058645456257155,0
-0.09543744172289514,1
-0.4544084129519955,0
0.19010764902752564,1
-0.0410479006275769,1
1.9532352728674254,1
-0.36285268544154314,0
-0.2835346046775374,0
-0.29939822083033857,0
-0.08637251820700877,1
-0.40817730302097505,0
0.2762244224284462,1
0.032377979851102724,1
-0.16795682984998614,1
-0.33837739194864996,0
-0.4418081692649135,0
-0.16705033749839748,1
-0.19968406215558845,1
-0.335657914893884,0
-0.3492553001677136,0
-0.30393068258828176,0
-0.2812683737985658,0
-0.35560074662883406,0
-0.22687883270324757,0
-0.2450086797350203,0
-0.21328144742941801,0
-0.335657914893884,0
-0.0727751329331792,1
-0.1090348269967247,1
0.41854372162786224,1
4.446089239736178,1
0.01334164046774134,1
-0.27945538909538853,0
-0.27220345028267945,0
-0.2495411414929635,0
3.834206902413848,1
-0.22687883270324757,0
0.011075409588769748,1
-0.1452945210602702,1
-0.25543334177828964,0
-0.17257994084308817,1
-0.3537877619256568,0
-0.3492553001677136,0
-0.2812683737985658,0
-0.33747089959706134,0
0.7974575245919128,1
-0.23956972562548848,0
0.33967888703965077,1
-0.4172422265368614,0
-0.32931246843276357,0
0.10761684503295962,1
-0.3129956061041681,0
-0.1452945210602702,1
-0.41270976477891824,0
-0.24092946415287145,0
-0.21781390918736118,0
0.09673893681389598,1
-0.27220345028267945,0
-0.19968406215558845,1
-0.2767359120406226,0
0.34421134879759396,1
-0.3809825324733159,0
-0.25407360325090667,0
0.2926736326403736,1
-0.20195029303456002,1
1.264301085660061,1
-0.2495411414929635,0
-0.2867073279080976,0
-0.2867073279080976,0
-0.13740803760144904,1
0.04506887277334365,1
-0.19968406215558845,1
-0.06371020941729283,1
-0.3084631443462249,0
-0.4580343823583501,0
-0.4580343823583501,0
-0.0410479006275769,1
-0.27039046557950214,0
-0.22234637094530438,0
-0.3084631443462249,0
-0.23141129446119074,0
0.24902965188078705,1
-0.2631040800574327,0
-0.3265929913779977,0
0.6796135188853899,1
0.1311856461742642,1
-0.4172422265368614,0
-0.19515160039764526,1
-0.2994027532920965,0
-0.2477281567897862,0
-0.2948657590723954,0
-0.14892049046662476,1
1.1373921564376517,1
0.806522448107799,1
-0.27220345028267945,0
-0.3265929913779977,0
-0.35106828487089087,0
-0.1452945210602702,1
-0.30665015964304765,0
-0.26313852676679306,0
-0.23141129446119074,0
-0.20059055450717708,1
-0.29939822083033857,0
-0.2702218580021067,0
-0.2694839732279135,0
0.03600394925745727,1
0.5028475103256056,1
-0.335657914893884,0
-0.11900624286419971,1
0.5708344366947534,1
-0.32931246843276357,0
-0.3000898744946007,0
-0.3112732706361497,0
-0.21328144742941801,0
-0.18608667688175887,1
-0.26585800382155894,0
-0.24872529837653373,0
-0.27220345028267945,0
-0.04558036238552009,1
-0.15517528769258634,1
-0.2867073279080976,0
-0.45984736706152735,0
-0.19968406215558845,1
-0.3220605296200545,0
-0.23947907639032961,0
-0.25316711089931804,0
-0.3265929913779977,0
-0.39911237950508865,0
-0.05917774765934965,1
-0.1330568743138236,1
-0.34562933076135904,0
-0.2812683737985658,0
-0.08184005644906558,1
-0.26313852676679306,0
-0.36285268544154314,0
-0.19968406215558845,1
-0.23594375621913394,0
0.7430679834965944,1
-0.28036188144697716,0
-0.35922671603518863,0
-0.1915256309912907,1
-0.19968406215558845,1
-0.09090497996495196,1
-0.19968406215558845,1
-0.3084631443462249,0
-0.21781390918736118,0
-0.3175280678621113,0
-0.09996990348083833,1
-0.37282410130901816,0
0.004276716951854967,1
0.2988867312181621,1
-0.17439292554626545,1
-0.19977471139074732,1
-0.24047621797707713,0
-0.22415935564848166,0
-0.01385313007991778,1
-0.24319569503184305,0
-0.42812013475592503,0
0.13571810793220737,1
-0.1090348269967247,1
-0.36285268544154314,0
7.392189382399249,1
-0.15435944457615658,1
-0.1770217533658725,1
-0.4680057982258251,0
-0.19288536951867366,1
0.6161590542741853,1
-0.25407360325090667,0
1.2053790828067996,1
-0.34336309988238745,0
-0.203310031561943,1
-0.3628572179033011,0
0.25356211363873027,1
-0.22687883270324757,0
1.1600544652273677,1
-0.16342436809204294,1
-0.3537877619256568,0
-0.14710750576344747,1
-0.19968406215558845,1
-0.15435944457615658,1
-0.3809825324733159,0
-0.39457991774714546,0
-0.10450236523878152,1
-0.19832432362820548,1
-0.0410479006275769,1
0.4348605839564577,1
0.8630875708469301,1
-0.20965547802306345,0
-0.44022180764963337,0
-0.33384493019070677,0
-0.39457991774714546,0
-0.1724892916079293,1
-0.4625668441162933,0
0.126653184416321,1
-0.29939822083033857,0
-0.41270976477891824,0
-0.3175280678621113,0
0.017874102225684526,1
-0.31934105256528855,0
2.256910210649619,1
0.14025056969015057,1
-0.07368162528476785,1
-0.29395926672080674,0
0.0269390257415709,1
-0.04660923120457319,1
0.17832324845687333,1
-0.3827955171764932,0
-0.13622959754438382,1
-0.3873279789344364,0
-0.0410479006275769,1
-0.12861506179103926,1
0.1334518770532358,1
-0.4244941653495705,0
-0.06371020941729283,1
-0.36285268544154314,0
0.23089980484901432,1
-0.39911237950508865,0
-0.14076205930232702,1
-0.10450236523878152,1
0.07226364332100277,1
-0.27039046557950214,0
-0.14620101341185884,1
0.1484090008544483,1
-0.3855149942312591,0
-0.27220345028267945,0
-0.23594375621913394,0
-0.10450236523878152,1
0.008809178709798153,1
0.23996472836490068,1
-0.1090348269967247,1
-0.2400229718012828,0
0.13571810793220737,1
0.15384795496398013,1
-0.06330772681318748,1
-0.21781390918736118,0
-0.3447228384097704,0
-0.15435944457615658,1
-0.08637251820700877,1
-0.3583202236836,0
0.21276995781724156,1
-0.22687883270324757,0
-0.2912397896660408,0
0.7929250628339696,1
-0.11356728875466789,1
-0.26313852676679306,0
-0.19061913863970206,1
-0.29939822083033857,0
-0.010278830737603783,1
-0.1724892916079293,1
-0.3392838843002386,0
1.5045215588310499,1
-0.14076205930232702,1
-0.335657914893884,0
-0.08365304115224285,1
-0.25769957265726123,0
-0.3447228384097704,0
-0.3220605296200545,0
-0.18608667688175887,1
-0.1647841066194259,1
-0.29758523612716126,0
-0.29427653904386275,0
0.7521329070124808,1
-0.22959830975801349,0
-0.3583202236836,0
-0.06371020941729283,1
-0.13069999419969314,1
-0.006692746994719134,1
2.8823899332457787,1
-0.23141129446119074,0
2.2478452871337327,1
-0.25869671424400875,0
-0.37191760895742954,0
-0.2567930803056726,0
-0.27129695793109077,0
-0.11809975051261108,1
-0.09090497996495196,1
-0.29939822083033857,0
-0.12263221227055426,1
-0.12498909238468472,1
-0.1452945210602702,1
-0.22696948193840644,0
-0.2767359120406226,0
-0.22234637094530438,0
-0.21781390918736118,0
-0.364303073204085,0
-0.255886587954084,0
-0.1452945210602702,1
-0.2903332973144522,0
-0.4217746882948046,0
-0.2660393022918767,0
-0.09996990348083833,1
-0.41270976477891824,0
-0.16342436809204294,1
-0.06733617882364738,1
-0.37191760895742954,0
-0.3855149942312591,0
-0.3220605296200545,0
-0.33908808195229545,0
-0.3148085908073454,0
-0.29939822083033857,0
0.06319871980511639,1
-0.3084631443462249,0
-0.21328144742941801,0
0.7974575245919128,1
-0.2903332973144522,0
-0.2567930803056726,0
-0.26313852676679306,0
-0.285800835556509,0
-0.31390209845575673,0
-0.39457991774714546,0
-0.335657914893884,0
-0.25407360325090667,0
-0.22234637094530438,0
-0.29042394654961107,0
-0.3447228384097704,0
0.14025056969015057,1
0.14659601615127105,1
0.25356211363873027,1
4.695374636423053,1
0.34421134879759396,1
-0.23141129446119074,0
-0.3220605296200545,0
-0.13169713578644063,1
-0.3927669330439682,0
-0.23594375621913394,0
-0.17974123042063841,1
0.08586102859483233,1
0.09039349035277551,1
-0.3129956061041681,0
-0.18064772277222704,1
2.293169904713164,1
0.40675932105720997,1
-0.20874898567147482,0
-0.348348807816125,0
-0.2767359120406226,0
-0.002975221860854132,1
-0.21781390918736118,0
-0.16886332220157477,1
0.04960133453128684,1
-0.09181147231654059,1
-0.10812833464513606,1
0.14025056969015057,1
-0.22597234035165892,0
-0.285800835556509,0
-0.27446968116165105,0
-0.335657914893884,0
-0.11356728875466789,1
-0.036515438869633716,1
2.6557668453486194,1
-0.18336719982699295,1
0.706808289433049,1
1.5226514058628227,1
-0.22869181740642483,0
-0.22415935564848166,0
-0.305743667291459,0
0.08132856683688915,1
-0.009320668321974594,1
-0.2360344054542928,0
-0.14982698281821338,1
-0.16342436809204294,1
0.489250125051776,1
-0.3362018103048372,0
-0.2450086797350203,0
-0.3447228384097704,0
-0.36290707498263847,0
0.7521329070124808,1
-0.2495411414929635,0
-0.29346069592743296,0
-0.19968406215558845,1
-0.1815542151238157,1
-0.23866323327389985,0
0.0269390257415709,1
-0.2495411414929635,0
-0.3447228384097704,0
-0.23594375621913394,0
0.4484579692302873,1
-0.4557681514793785,0
-0.11356728875466789,1
-0.24047621797707713,0
0.6478862865797875,1
1.2507037003862314,1
-0.2595125573604385,0
-0.21781390918736118,0
-0.23866323327389985,0
-0.2767359120406226,0
-0.13080877328188378,1
-0.0990634111292497,1
-0.17611526101428387,1
-0.38107318170847476,0
-0.1162867658094338,1
-0.3129956061041681,0
-0.15889190633409975,1
-0.12263221227055426,1
-0.06371020941729283,1
0.01284306967436759,1
-0.08637251820700877,1
-0.1837388616911443,1
-0.10912547623188357,1
-0.24047621797707713,0
-0.26767098852473625,0
-0.3084631443462249,0
-0.15662567545512818,1
-0.2450086797350203,0
-0.21452334195109443,0
-0.15435944457615658,1
-0.3809825324733159,0
-0.036515438869633716,1
-0.27220345028267945,0
-0.15889190633409975,1
-0.3120891137525795,0
2.5893209559771724,1
4.060829990311007,1
0.706808289433049,1
0.14931549320603696,1
-0.10223613435980992,1
-0.3220605296200545,0
-0.24410218738343167,0
-0.14982698281821338,1
-0.15798541398251112,1
-0.09996990348083833,1
-0.09996990348083833,1
-0.08999848761336332,1
-0.19968406215558845,1
0.1556609396671574,1
0.3668736575873099,1
-0.3791695477701386,0
-0.13033739725905769,1
-0.26767098852473625,0
-0.20693600096829753,1
-0.1770217533658725,1
-0.19968406215558845,1
0.00726814171209747,1
-0.39004745598920226,0
0.8119614022173309,1
-0.2830813585017431,0
-0.4328792196017654,0
-0.26767098852473625,0
-0.20648275479250322,1
-0.22687883270324757,0
0.6433538248218443,1
-0.3492553001677136,0
0.1261999382405267,1
-0.2613255420636158,0
0.4801852015358896,1
-0.18608667688175887,1
-0.3401903766518272,0
0.11305579914249145,1
-0.16161138338886566,1
-0.36738514719948634,0
-0.3229670219716431,0
0.23543226660695749,1
0.4121982751667418,1
0.07226364332100277,1
0.11758826090043464,1
-0.42639779928790666,0
-0.29758523612716126,0
-0.3855149942312591,0
1.1781843122591404,1
-0.26767098852473625,0
-0.0773075946911224,1
0.5481721279050374,1
0.1969063416644404,1
-0.20874898567147482,0
-0.3637591777931318,0
0.2988867312181621,1
-0.21328144742941801,0
-0.2889735587870692,0
-0.0410479006275769,1
-0.1452945210602702,1
-0.13622959754438382,1
-0.2767359120406226,0
-0.25044763384455215,0
-0.18246070747540433,1
2.42914375745146,1
-0.27446968116165105,0
-0.27220345028267945,0
1.3368204737871519,1
-0.43673181209601714,0
-0.06402852420655321,1
-0.335657914893884,0
-0.31118262140099084,0
-0.1452945210602702,1
-0.1090348269967247,1
-0.39457991774714546,0
-0.2839878508533317,0
-0.26767098852473625,0
-0.2994888700654974,0
0.11758826090043464,1
-0.25407360325090667,0
-0.05917774765934965,1
0.061564314095202084,1
-0.029263500056924616,1
1.1600544652273677,1
-0.1552659369277452,1
-0.150733475169802,1
-0.0673579346400855,1
-0.22234637094530438,0
-0.25407360325090667,0
-0.1607955402724359,1
-0.1262581816769088,1
-0.2450086797350203,0
-0.3311254531359409,0
-0.40817730302097505,0
-0.39911237950508865,0
-0.3447228384097704,0
-0.3084631443462249,0
-0.27582941968903396,0
1.0195481507311288,1
-0.26585800382155894,0
-0.11356728875466789,1
-0.19968406215558845,1
3.04102609477379,1
-0.00025574480608822007,1
-0.06371020941729283,1
-0.14982698281821338,1
-0.32387351432323175,0
-0.29939822083033857,0
-0.3012112055335158,0
-0.3827955171764932,0
-0.1987775698039998,1
-0.009320668321974594,1
-0.2205333862421271,0
-0.3265929913779977,0
-0.34290985370659316,0
-0.2450086797350203,0
-0.3583202236836,0
-0.17974123042063841,1
1.8263263436450161,1
-0.02171695122994921,1
-0.285800835556509,0
-0.16342436809204294,1
-0.2767359120406226,0
-0.14538517029542905,1
-0.285800835556509,0
-0.1724892916079293,1
-0.4267603962285421,0
-0.09090497996495196,1
-0.26767098852473625,0
-0.12444519697373153,1
-0.15435944457615658,1
-0.17257994084308817,1
-0.20874898567147482,0
0.126653184416321,1
-0.01747909948627233,1
-0.26925735014001634,0
1.5453137146525386,1
12.146741766481652,1
-0.15889190633409975,1
-0.3492553001677136,0
-0.06371020941729283,1
0.2898218077022757,1
-0.06371020941729283,1
-0.2835346046775374,0
0.20823749605929837,1
-0.21328144742941801,0
0.8427821421713446,1
-0.2830813585017431,0
1.364015244334811,1
2.1571960519748687,1
-0.2450086797350203,0
0.2762244224284462,1
-0.335657914893884,0
-0.14348153635709293,1
-0.24509932897017916,0
0.044162380421755014,1
-0.022918053595804153,1
-0.3107293752251965,0
-0.27220345028267945,0
0.3161100858983462,1
-0.2205333862421271,0
-0.12716467402849746,1
-0.16795682984998614,1
-0.2948657590723954,0
-0.2903332973144522,0
-0.23594375621913394,0
-0.30438392876407605,0
-0.08637251820700877,1
-0.3755435783637841,0
0.4628711976205466,1
-0.0628037170657042,1
-0.39684614862611706,0
0.18104272551163925,1
-0.09996990348083833,1
-0.367795788234756,0
-0.21464118595680096,0
-0.26313852676679306,0
-0.3311254531359409,0
-0.31934105256528855,0
0.6161590542741853,1
-0.10540885759037015,1
-0.2812683737985658,0
-0.21328144742941801,0
-0.4217746882948046,0
2.7010914629280514,1
0.5663019749368102,1
-0.19061913863970206,1
0.1289194152952926,1
-0.14076205930232702,1
-0.0990634111292497,1
-0.36738514719948634,0
-0.0727751329331792,1
-0.2300515559338078,0
-0.23413077151595665,0
1.119262309405879,1
-0.26087229588782146,0
-0.335657914893884,0
-0.14076205930232702,1
0.03419096455428,1
-0.21781390918736118,0
-0.3312161023710997,0
-0.23820998709810554,0
0.11486878384566873,1
-0.26767098852473625,0
-0.14937373664241907,1
-0.1770217533658725,1
-0.18608667688175887,1
-0.39457991774714546,0
-0.3302189607843522,0
1.5833863934192614,1
-0.42812013475592503,0
-0.255886587954084,0
-0.26223203441520443,0
-0.28942680496286355,0
-0.29939822083033857,0
8.366668660357035,1
-0.2450086797350203,0
-0.2250658480000703,0
-0.05917774765934965,1
0.004276716951854967,1
3.414954189804103,1
-0.16795682984998614,1
-0.1724892916079293,1
-0.24047621797707713,0
-0.2948657590723954,0
0.199172572543412,1
-0.2812683737985658,0
-0.30211769788510445,0
-0.3401903766518272,0
0.6614836718536171,1
-0.3809825324733159,0
-0.26767098852473625,0
-0.22234637094530438,0
2.2478452871337327,1
-0.4263071500527478,0
-0.1770217533658725,1
-0.2812683737985658,0
-0.3289045468745487,0
-0.3265929913779977,0
-0.07983852133675787,1
-0.24682166443819759,0
-0.05917774765934965,1
0.11749761166527577,1
-0.43355908886545685,0
-0.18608667688175887,1
-0.13985556695073836,1
0.004276716951854967,1
-0.1090348269967247,1
-0.3583202236836,0
0.01334164046774134,1
-0.1792879842448441,1
-0.07368162528476785,1
-0.13622959754438382,1
-0.2827791883412645,0
-0.3809825324733159,0
1.0950227039243987,1
-0.12897765873167472,1
0.16291287847986652,1
-0.46528632117105917,0
-0.20874898567147482,0
0.8427821421713446,1
0.03600394925745727,1
-0.26585800382155894,0
0.04053641101540046,1
0.026848376506412037,1
-0.4172422265368614,0
-0.22415935564848166,0
-0.2305048021096021,0
-0.46981878292900237,0
-0.06371020941729283,1
-0.1635150173272018,1
-0.20421652391353162,1
0.0269390257415709,1
-0.13169713578644063,1
-0.1724892916079293,1
-0.08510342891478467,1
0.04960133453128684,1
-0.28988005113865783,0
-0.09996990348083833,1
-0.22234637094530438,0
-0.1090348269967247,1
-0.2767359120406226,0
-0.37191760895742954,0
-0.21781390918736118,0
-0.2903332973144522,0
-0.14982698281821338,1
-0.21146846272624073,0
-0.12263221227055426,1
-0.24509932897017916,0
0.6614836718536171,1
-0.13622959754438382,1
-0.2560678864244017,0
2.995701477194358,1
-0.2250658480000703,0
-0.39920302874024755,0
-0.41270976477891824,0
-0.0727841978566951,1
-0.29939822083033857,0
-0.39865913332929437,0
-0.2948657590723954,0
-0.2839878508533317,0
-0.2495411414929635,0
-0.3175280678621113,0
-0.4240318542502603,0
1.1056649241320493,1
-0.2903332973144522,0
0.551798097311392,1
-0.32342026814743746,0
-0.29849172847874994,0
0.004276716951854967,1
-0.2812683737985658,0
-0.018385591837860968,1
-0.3129956061041681,0
0.3668736575873099,1
-0.1724892916079293,1
-0.13169713578644063,1
0.32154904000787804,1
-0.04558036238552009,1
-0.1280711663800861,1
-0.36294333467670203,0
-0.06371020941729283,1
-0.21781390918736118,0
-0.23594375621913394,0
-0.40364484126303185,0
-0.3085537935813838,0
-0.12716467402849746,1
-0.3492553001677136,0
-0.1815542151238157,1
-0.16795682984998614,1
-0.2549800956024953,0
0.7747952158021968,1
-0.21690741683577255,0
-0.4634733364678819,0
-0.32931246843276357,0
-0.3583202236836,0
-0.2767359120406226,0
-0.2037632777377373,1
-0.22687883270324757,0
-0.18336719982699295,1
0.539107204389151,1
-0.3085537935813838,0
-0.3809825324733159,0
-0.335657914893884,0
-0.2450086797350203,0
-0.02110506889262688,1
-0.4444369970845205,0
-0.16342436809204294,1
-0.29939822083033857,0
-0.0945309493713065,1
-0.23141129446119074,0
-0.3574137313320113,0
-0.3068514009451003,0
-0.3737305936606068,0
-0.32101806341572753,0
-0.26767098852473625,0
0.01334164046774134,1
0.03328447220269136,1
-0.22143987859371575,0
0.07226364332100277,1
-0.3401903766518272,0
-0.40364484126303185,0
-0.25860606500884986,0
-0.19070978787486093,1
-0.07377227451992671,1
-0.27356318881006236,0
0.07226364332100277,1
-0.13169713578644063,1
-0.1724892916079293,1
-0.00025574480608822007,1
0.20007906489500063,1
-0.19968406215558845,1
-0.25860606500884986,0
-0.29849172847874994,0
-0.04920633179187464,1
3.734492743739098,1
-0.02427779212318711,1
-0.16433086044363157,1
-0.33384493019070677,0
-0.4625668441162933,0
-0.41270976477891824,0
-0.0628037170657042,1
-0.40364484126303185,0
-0.285800835556509,0
-0.168047479085145,1
-0.0410479006275769,1
0.011845928087620089,1
0.40675932105720997,1
0.07135715096941413,1
-0.27220345028267945,0
-0.2450086797350203,0
0.7634640614073388,1
-0.2450086797350203,0
-0.054645285901406465,1
-0.3647563193798793,0
-0.3492553001677136,0
-0.30665015964304765,0
0.017874102225684526,1
-0.38188902482490455,0
0.19001699979236678,1
0.0269390257415709,1
-0.3220605296200545,0
-0.39457991774714546,0
-0.36466567014472046,0
-0.06443540329856375,1
-0.2323177868127794,0
-0.3484394570512838,0
-0.3129956061041681,0
-0.2450086797350203,0
-0.27492292733744533,0
-0.3265929913779977,0
0.0269390257415709,1
1.1555220034694245,1
2.4001360022006235,1
-0.27039046557950214,0
-0.11959546289273233,1
-0.3129956061041681,0
-0.1452945210602702,1
-0.23594375621913394,0
-0.2885203126112749,0
-0.19515160039764526,1
-0.3583202236836,0
-0.3322585685754267,0
-0.2450086797350203,0
-0.22959830975801349,0
-0.24319569503184305,0
-0.18608667688175887,1
0.11043875572345506,1
-0.3129956061041681,0
0.6161590542741853,1
0.14931549320603696,1
0.2898218077022757,1
-0.2450086797350203,0
-0.36511891632051474,0
-0.4263071500527478,0
-0.027450515353747342,1
-0.27220345028267945,0
-0.3220605296200545,0
-0.09543744172289514,1
-0.2477281567897862,0
-0.2450086797350203,0
-0.12716467402849746,1
-0.335657914893884,0
-0.26313852676679306,0
-0.25407360325090667,0
-0.2250658480000703,0
-0.223252863296893,0
-0.3447228384097704,0
-0.3265929913779977,0
-0.16251787574045432,1
-0.14076205930232702,1
-0.23594375621913394,0
-0.3197942987410829,0
-0.2876138202596863,0
-0.12252343318836363,1
0.07679610507894595,1
-0.19968406215558845,1
0.2988867312181621,1
-0.26313852676679306,0
-0.43990453532657736,0
1.386677553124527,1
0.6161590542741853,1
-0.19515160039764526,1
-0.2495411414929635,0
-0.3129956061041681,0
-0.2649515114699703,0
-0.23594375621913394,0
-0.25407360325090667,0
0.23543226660695749,1
-0.14982698281821338,1
-0.1770217533658725,1
-0.14076205930232702,1
-0.10450236523878152,1
-0.2250658480000703,0
0.08132856683688915,1
-0.12717373895201334,1
-0.26313852676679306,0
-0.13169713578644063,1
-0.23594375621913394,0
-0.0700556558784133,1
40.184550201118206,1
-0.335657914893884,0
-0.2867073279080976,0
-0.3265929913779977,0
-0.22234637094530438,0
0.32154904000787804,1
-0.13622959754438382,1
-0.20874898567147482,0
1.726612184970266,1
-0.06371020941729283,1
0.06501170450829367,1
0.4121982751667418,1
-0.32840597608117494,0
-0.16115813721307135,1
-0.21790455842252004,0
-0.2650847658456539,0
-0.22234637094530438,0
-0.3094602859329724,0
-0.2767359120406226,0
-0.25543334177828964,0
-0.22461260182427598,0
0.1946401107854688,1
-0.05918228012110759,1
-0.43537207356863417,0
-0.2626852805909987,0
1.386677553124527,1
-0.3792601970052975,0
-0.19977471139074732,1
-0.2812683737985658,0
-0.24509932897017916,0
-0.27039046557950214,0
0.08586102859483233,1
-0.26313852676679306,0
-0.23594375621913394,0
-0.13622959754438382,1
-0.33837739194864996,0
-0.13622959754438382,1
-0.19968406215558845,1
-0.03198297711169053,1
-0.25407360325090667,0
-0.23594375621913394,0
-0.38107318170847476,0
0.39239957571569434,1
-0.3698780011663551,0
-0.2812683737985658,0
0.20823749605929837,1
0.22183488133312793,1
-0.3129956061041681,0
0.039629918663811825,1
-0.06552319412047011,1
-0.19968406215558845,1
-0.20920223184726913,0
-0.23739505047402734,0
-0.19515160039764526,1
-0.2450086797350203,0
-0.29713198995136697,0
-0.009320668321974594,1
0.7648237999347217,1
0.36143470347777806,1
-0.22687883270324757,0
-0.3243267604990261,0
-0.23594375621913394,0
0.6252239777900717,1
-0.2767359120406226,0
-0.40591107214200345,0
0.20823749605929837,1
7.686799396665557,1
-0.2885203126112749,0
-0.16795682984998614,1
-0.23956972562548848,0
0.04053641101540046,1
-0.18608667688175887,1
-0.22076000933002426,0
0.4303281221985145,1
-0.13169713578644063,1
-0.09543744172289514,1
-0.4625668441162933,0
-0.1724892916079293,1
-0.1452945210602702,1
-0.2767359120406226,0
0.6723615800726808,1
-0.06824267117523602,1
-0.19968406215558845,1
-0.35660876612380066,0
-0.2740164349858567,0
0.20823749605929837,1
0.3152035935467576,1
-0.2812683737985658,0
-0.284441097029126,0
-0.19968406215558845,1
0.03600394925745727,1
-0.25769957265726123,0
-0.2912397896660408,0
-0.34290985370659316,0
-0.01385313007991778,1
-0.13622959754438382,1
-0.0700556558784133,1
0.15974015524930626,1
-0.0700556558784133,1
-0.09543744172289514,1
-0.3574391131178558,0
-0.2477281567897862,0
-0.3809825324733159,0
-0.2450086797350203,0
-0.2867073279080976,0
-0.17647785795491933,1
-0.04558036238552009,1
0.6992272938967132,1
-0.34744231546453636,0
-0.23458401769175097,0
1.1600544652273677,1
-0.3877023602756425,0
-0.24047621797707713,0
-0.19968406215558845,1
-0.2613255420636158,0
-0.335657914893884,0
-0.14484127488447587,1
-0.24047621797707713,0
-0.07640110233953376,1
-0.3583202236836,0
-0.38914096363761363,0
-0.12716467402849746,1
-0.35662598947848084,0
-0.19977471139074732,1
0.1674453402378097,1
-0.24047621797707713,0
-0.29042394654961107,0
-0.21872040153894984,0
-0.1724892916079293,1
-0.24047621797707713,0
-0.2450086797350203,0
-0.06824267117523602,1
0.21730241957518476,1
0.5255098191153215,1
0.3061386700308712,1
-0.36058645456257155,0
-0.3519747772224795,0
-0.30393068258828176,0
0.9107690685404923,1
-0.24863464914137487,0
-0.12716467402849746,1
-0.08646316744216763,1
-0.009320668321974594,1
-0.10178288818401561,1
-0.335657914893884,0
-0.44806296649087507,0
-0.20874898567147482,0
-0.09090497996495196,1
-0.17022306072895774,1
0.008809178709798153,1
-0.42000400958967593,0
-0.3492553001677136,0
-0.08319979497644854,1
-0.2839878508533317,0
0.18557518726958244,1
0.05730651951979025,1
0.11305579914249145,1
-0.19070978787486093,1
-0.2567930803056726,0
-0.2205333862421271,0
-0.1815542151238157,1
-0.3220605296200545,0
-0.2105619703746521,0
-0.1882640715102748,1
-0.09543744172289514,1
-0.1452945210602702,1
-0.335657914893884,0
-0.3827955171764932,0
-0.2880670664354806,0
-0.3439069952933406,0
-0.37645007071537273,0
0.05050782688287547,1
1.4773267882833907,1
-0.10178288818401561,1
0.0269390257415709,1
-0.036515438869633716,1
-0.388234471286025,0
-0.13622959754438382,1
-0.27220345028267945,0
-0.04558036238552009,1
-0.3392838843002386,0
1.8852483464982777,1
-0.40364484126303185,0
-0.22687883270324757,0
1.432002170703959,1
-0.33552194104114574,0
-0.16569059897101454,1
-0.15435944457615658,1
-0.054645285901406465,1
0.10625710650557667,1
-0.12018468292126494,1
-0.03742193122122235,1
0.3034191929761053,1
2.406481448661744,1
-0.3809825324733159,0
0.05413379628923002,1
-0.3311254531359409,0
-0.2740164349858567,0
-0.15435944457615658,1
-0.15889190633409975,1
0.05413379628923002,1
-0.20421652391353162,1
-0.05917774765934965,1
-0.4670993058742365,0
-0.18971264628811343,1
5.125958503427656,1
1.6858200291487773,1
-0.036515438869633716,1
-0.4009253642082659,0
-0.21328144742941801,0
-0.28489434320492035,0
-0.2450086797350203,0
-0.27220345028267945,0
-0.4263071500527478,0
-0.23141129446119074,0
-0.13169713578644063,1
-0.1452945210602702,1
0.0949259521107187,1
-0.26313852676679306,0
-0.3357485641290429,0
-0.3007579593577215,0
-0.37191760895742954,0
-0.39911237950508865,0
-0.30211769788510445,0
0.42398267573739407,1
-0.2205333862421271,0
-0.10268938053560424,1
-0.2903332973144522,0
0.08586102859483233,1
-0.41270976477891824,0
-0.14846724429083044,1
0.6705485953695035,1
1.2688335474180041,1
-0.09996990348083833,1
-0.3220605296200545,0
-0.30665015964304765,0
-0.1987775698039998,1
-0.09996990348083833,1
-0.3447228384097704,0
-0.450782443545641,0
1.8353912671609025,1
0.32154904000787804,1
-0.26313852676679306,0
-0.09090497996495196,1
-0.03470245416645644,1
-0.13622959754438382,1
-0.335657914893884,0
-0.28480369396976146,0
0.8881067597507765,1
-0.12263221227055426,1
-0.35469425427724544,0
0.015154625170918616,1
-0.16342436809204294,1
0.02421954868680499,1
-0.1090348269967247,1
-0.21328144742941801,0
-0.1724892916079293,1
-0.1815542151238157,1
0.04960133453128684,1
-0.06361956018213397,1
0.19554660313705746,1
-0.1525464598729793,1
-0.31934105256528855,0
-0.2450086797350203,0
0.25356211363873027,1
0.3804710428611395,1
-0.4606405478691674,0
-0.13441661284120654,1
1.3522308437641588,1
0.17197780199575288,1
-0.39004745598920226,0
-0.2903332973144522,0
-0.3280433791405395,0
-0.19515160039764526,1
-0.2450086797350203,0
1.3322880120292087,1
-0.1815542151238157,1
-0.21781390918736118,0
-0.17611526101428387,1
-0.2903332973144522,0
-0.21781390918736118,0
0.08676752094642097,1
2.973039168404642,1
-0.19968406215558845,1
-0.11356728875466789,1
-0.0727751329331792,1
-0.22687883270324757,0
-0.24509932897017916,0
-0.2903332973144522,0
-0.1724892916079293,1
0.6388213630639011,1
1.9758975816571414,1
-0.2903332973144522,0
-0.19515160039764526,1
-0.2903332973144522,0
-0.40817730302097505,0
-0.2903332973144522,0
-0.25407360325090667,0
-0.35106828487089087,0
-0.21600092448418393,0
-0.009320668321974594,1
-0.30393068258828176,0
-0.3583202236836,0
0.02331305633521635,1
2.7010914629280514,1
-0.25688372954083144,0
-0.19968406215558845,1
-0.29939822083033857,0
-0.1815542151238157,1
-0.26540475764576466,0
-0.16569059897101454,1
1.5226514058628227,1
-0.25416425248606556,0
-0.3274994837295863,0
-0.36738514719948634,0
-0.0410479006275769,1
-0.3265929913779977,0
0.23996472836490068,1
-0.24047621797707713,0
-0.30166445170931017,0
-0.3003047131819272,0
-0.29939822083033857,0
-0.28036188144697716,0
-0.2812683737985658,0
0.20823749605929837,1
-0.3107293752251965,0
-0.11764650433681675,1
0.3668736575873099,1
-0.2903332973144522,0
-0.04027738212872656,1
0.271691960670503,1
-0.2495411414929635,0
1.6246317954165443,1
-0.32024754491687724,0
-0.054645285901406465,1
-0.009320668321974594,1
-0.37191760895742954,0
-0.13622959754438382,1
-0.06371020941729283,1
-0.09996990348083833,1
-0.3107293752251965,0
-0.35106828487089087,0
-0.335657914893884,0
-0.2767359120406226,0
-0.2495411414929635,0
-0.3302189607843522,0
3.15433763872237,1
-0.1090348269967247,1
-0.21917364771474415,0
-0.4371850582718114,0
-0.3129956061041681,0
-0.1724892916079293,1
-0.1724892916079293,1
0.6841459806433331,1
-0.2287824666415837,0
-0.25407360325090667,0
-0.40817730302097505,0
-0.4222279344705989,0
-0.18789966158493615,1
0.2014388034223836,1
-0.12263221227055426,1
-0.1452945210602702,1
-0.2903332973144522,0
0.01334164046774134,1
0.017874102225684526,1
-0.1770217533658725,1
-0.2812683737985658,0
-0.3311254531359409,0
-0.2495411414929635,0
-0.11809975051261108,1
-0.3220605296200545,0
0.08743923177894815,1
-0.03436342602696229,1
-0.23141129446119074,0
0.9996053189961789,1
-0.17974123042063841,1
-0.30393068258828176,0
-0.3129956061041681,0
-0.33747089959706134,0
-0.23866323327389985,0
-0.16433086044363157,1
-0.12716467402849746,1
-0.25180737237193507,0
0.015154625170918616,1
-0.255886587954084,0
-0.00025574480608822007,1
-0.2905381645859112,0
-0.2450086797350203,0
2.5923123807374147,1
-0.26313852676679306,0
-0.13169713578644063,1
-0.3515215310466852,0
-0.43083961181069097,0
-0.3175280678621113,0
-0.3401903766518272,0
-0.009320668321974594,1
-0.3583202236836,0
-0.23141129446119074,0
0.11033632208772554,1
1.0852688462213052,1
-0.30393068258828176,0
-0.39095394834079095,0
-0.21781390918736118,0
-0.3288592222569693,0
2.383819139872028,1
-0.3537877619256568,0
0.017874102225684526,1
-0.22914506358221914,0
-0.34200336135500453,0
0.0994575073763103,1
-0.39367342539555683,0
-0.08093356409747694,1
-0.18064772277222704,1
-0.26767098852473625,0
-0.335657914893884,0
-0.21781390918736118,0
-0.2862087571147239,0
-0.18744641540914184,1
-0.2903332973144522,0
-0.19968406215558845,1
-0.32387351432323175,0
-0.00025574480608822007,1
0.3197360553047008,1
-0.16342436809204294,1
-0.26767098852473625,0
-0.04558036238552009,1
0.2898218077022757,1
-0.38188902482490455,0
-0.4535019206004069,0
-0.1090348269967247,1
2.2025206695543007,1
0.08987044426590887,1
0.11940124560361191,1
-0.24364894120763736,0
-0.2767359120406226,0
0.7974575245919128,1
-0.25407360325090667,0
0.8881067597507765,1
0.004276716951854967,1
-0.08637251820700877,1
0.04506887277334365,1
-0.14438802870868156,1
-0.23866323327389985,0
-0.2830813585017431,0
-0.09996990348083833,1
0.11758826090043464,1
-0.2731099426342681,0
-0.22234637094530438,0
-0.16795682984998614,1
-0.20874898567147482,0
-0.06824267117523602,1
-0.3347514225422954,0
0.017874102225684526,1
0.8541132965662025,1
-0.32115403726846586,0
-0.3447228384097704,0
3.3696295722246714,1
-0.4453434894361092,0
-0.0773075946911224,1
-0.16695968826323862,1
0.09764542916548462,1
-0.1815542151238157,1
-0.07286578216833807,1
0.1556609396671574,1
-0.3129956061041681,0
-0.2205333862421271,0
-0.3102761290494022,0
-0.23141129446119074,0
-0.06371020941729283,1
8.593291748254194,1
-0.2078424933198862,0
0.5980292072424125,1
-0.30393068258828176,0
-0.2450086797350203,0
-0.15889190633409975,1
-0.39911237950508865,0
-0.14076205930232702,1
2.7237537717177673,1
-0.4172422265368614,0
-0.3265929913779977,0
-0.12716467402849746,1
1.4773267882833907,1
-0.1090348269967247,1
0.014474755907227138,1
-0.21328144742941801,0
-0.19968406215558845,1
-0.3129956061041681,0
2.5923123807374147,1
0.9900871493044981,1
-0.2930527743692181,0
-0.1770217533658725,1
-0.20693600096829753,1
-0.3048371749398704,0
-0.2649515114699703,0
-0.4000188718566773,0
-0.026544023002158704,1
-0.27492292733744533,0
-0.19061913863970206,1
-0.06824267117523602,1
-0.043314131506548496,1
-0.3265929913779977,0
0.3079516547340485,1
-0.08184005644906558,1
-0.15435944457615658,1
-0.08184005644906558,1
-0.23956972562548848,0
-0.25860606500884986,0
2.275314724863923,1
0.2988867312181621,1
-0.12716467402849746,1
-0.27582941968903396,0
-0.3266836406131565,0
-0.19542808056487979,1
-0.3221511788552133,0
-0.3175280678621113,0
-0.16795682984998614,1
-0.08035794145421817,1
-0.46528632117105917,0
-0.19061913863970206,1
0.23089980484901432,1
-0.0773075946911224,1
0.07226364332100277,1
-0.3175280678621113,0
-0.13169713578644063,1
-0.4670993058742365,0
-0.25442713526802624,0
1.6133006410216864,1
-0.3537877619256568,0
-0.39434241675102927,0
0.017874102225684526,1
-0.04920633179187464,1
-0.19787107745241117,1
-0.19515160039764526,1
-0.19515160039764526,1
-0.2450086797350203,0
-0.3084631443462249,0
-0.21790455842252004,0
0.38953596637702587,1
-0.28942680496286355,0
-0.26767098852473625,0
0.3804710428611395,1
-0.46755255205003077,0
-0.2948657590723954,0
-0.22234637094530438,0
0.14025056969015057,1
-0.46664605969844214,0
0.4393930457144009,1
1.1600544652273677,1
-0.23141129446119074,0
5.193945429796804,1
-0.2450086797350203,0
-0.18608667688175887,1
-0.3265929913779977,0
0.11305579914249145,1
-0.26011718775894815,0
-0.05020347337862214,1
-0.30393068258828176,0
-0.05444132512229902,1
-0.23594375621913394,0
-0.42639779928790666,0
0.9560936861199243,1
1.9645664272622834,1
-0.25407360325090667,0
-0.2105619703746521,0
-0.11809975051261108,1
-0.3220605296200545,0
-0.2948657590723954,0
-0.15435944457615658,1
-0.15884658171652033,1
-0.12263221227055426,1
-0.19515160039764526,1
-0.1770217533658725,1
-0.2392977779200119,0
-0.2450086797350203,0
-0.3265929913779977,0
-0.32387351432323175,0
0.7747952158021968,1
-0.14982698281821338,1
-0.23141129446119074,0
-0.2812683737985658,0
-0.2885203126112749,0
-0.2860727832619856,0
1.1600544652273677,1
-0.2677616377598951,0
-0.21690741683577255,0
0.17197780199575288,1
-0.29214628201762943,0
0.1311856461742642,1
0.1946401107854688,1
-0.4489694588424637,0
-0.25860606500884986,0
-0.31662157551052267,0
-0.44262401238134325,0
0.25356211363873027,1
-0.10450236523878152,1
0.23203292028850012,1
-0.3220605296200545,0
0.022406563983627715,1
-0.33293843783911814,0
-0.31934105256528855,0
-0.12535168932532018,1
-0.3175280678621113,0
-0.16342436809204294,1
-0.3220605296200545,0
-0.009320668321974594,1
-0.0727751329331792,1
-0.004788206564031407,1
-0.3492553001677136,0
-0.25316711089931804,0
-0.3492553001677136,0
-0.22887311587674256,0
-0.22032941639809614,0
1.1600544652273677,1
-0.26313852676679306,0
-0.41270976477891824,0
-0.15435944457615658,1
-0.02473103829898143,1
-0.38129889830402036,0
0.8418756498197559,1
-0.29042394654961107,0
-0.3129956061041681,0
-0.12263221227055426,1
-0.10994131934831335,1
-0.19061913863970206,1
-0.01385313007991778,1
-0.3379241457728556,0
-0.12308545844634858,1
-0.23911647944969416,0
-0.2912397896660408,0
-0.3738212428957657,0
-0.29939822083033857,0
-0.2495411414929635,0
1.1147298476479357,1
-0.22687883270324757,0
0.2163959272235961,1
-0.09996990348083833,1
-0.4362785659202228,0
-0.1280711663800861,1
0.3668736575873099,1
3.3356361090400974,1
-0.0727751329331792,1
-0.21328144742941801,0
-0.29939822083033857,0
-0.3791695477701386,0
-0.08274654880065423,1
-0.25407360325090667,0
0.35327627231348036,1
-0.14982698281821338,1
-0.2567930803056726,0
-0.25407360325090667,0
-0.15435944457615658,1
-0.3492553001677136,0
-0.21328144742941801,0
-0.11991273521578835,1
-0.16342436809204294,1
0.017874102225684526,1
-0.3537877619256568,0
0.2988867312181621,1
-0.39004745598920226,0
-0.4557681514793785,0
-0.3809825324733159,0
0.06319871980511639,1
-0.11447378110625653,1
-0.19968406215558845,1
-0.26767098852473625,0
1.2307608686512814,1
-0.4182393681236089,0
-0.19968406215558845,1
-0.25633983412987826,0
-0.26767098852473625,0
-0.40817730302097505,0
0.004276716951854967,1
-0.10994131934831335,1
0.23543226660695749,1
-0.31571508315893404,0
-0.4027383489114432,0
-0.19061913863970206,1
0.14478303144809376,1
0.8790418362348901,1
-0.3537877619256568,0
-0.22234637094530438,0
-0.09181147231654059,1
-0.3120891137525795,0
0.77932767756014,1
-0.4670993058742365,0
0.10399087562660508,1
0.9461222702524492,1
-0.027450515353747342,1
-0.23594375621913394,0
-0.39457991774714546,0
-0.16433086044363157,1
-0.05373879354981782,1
1.1147298476479357,1
-0.14076205930232702,1
-0.4580343823583501,0
-0.04558036238552009,1
-0.0410479006275769,1
-0.1724892916079293,1
-0.15435944457615658,1
-0.12263221227055426,1
-0.27646396433514603,0
-0.3175280678621113,0
-0.3129956061041681,0
-0.12716467402849746,1
-0.23685024857072257,0
-0.4340123350412512,0
-0.3583202236836,0
-0.16569059897101454,1
0.04506887277334365,1
-0.1815542151238157,1
-0.12263221227055426,1
0.3668736575873099,1
-0.29214628201762943,0
-0.32568649902640906,0
-0.26767098852473625,0
-0.2830813585017431,0
-0.13169713578644063,1
-0.050112824143463276,1
-0.13622959754438382,1
-0.15435944457615658,1
0.2626270371546166,1
-0.23413077151595665,0
-0.23594375621913394,0
-0.26767098852473625,0
0.09855192151707325,1
1.70394987618055,1
-0.29042394654961107,0
-0.2903332973144522,0
-0.21781390918736118,0
2.8280003921504604,1
-0.018385591837860968,1
-0.19061913863970206,1
0.35780873407142355,1
-0.14076205930232702,1
-0.03198297711169053,1
-0.14733412885134464,1
-0.2477281567897862,0
-0.43809155062340005,0
-0.44262401238134325,0
-0.25860606500884986,0
-0.12716467402849746,1
1.1283272329217653,1
-0.29939822083033857,0
0.18104272551163925,1
0.16291287847986652,1
-0.10450236523878152,1
-0.022918053595804153,1
-0.17339578395951796,1
0.04053641101540046,1
0.25356211363873027,1
-0.2672177423489419,0
-0.223252863296893,0
0.22636734309107112,1
-0.2867073279080976,0
-0.1770217533658725,1
-0.285800835556509,0
0.18557518726958244,1
-0.24047621797707713,0
-0.06371020941729283,1
-0.2495411414929635,0
-0.27220345028267945,0
-0.1770217533658725,1
-0.2948657590723954,0
0.3714061193452531,1
-0.2903332973144522,0
-0.3084631443462249,0
-0.27220345028267945,0
-0.3519747772224795,0
-0.32568649902640906,0
-0.20059055450717708,1
-0.36285268544154314,0
-0.21328144742941801,0
0.5934967454844693,1
-0.3447228384097704,0
-0.018385591837860968,1
2.6557668453486194,1
-0.22234637094530438,0
-0.3311254531359409,0
-0.03660608810479258,1
-0.1172839073961813,1
0.2626270371546166,1
-0.06235047088990988,1
-0.3583202236836,0
-0.3401903766518272,0
-0.335657914893884,0
-0.09126757690558741,1
-0.40591107214200345,0
0.27531793007685756,1
-0.022918053595804153,1
-0.4332363775882913,0
-0.2903332973144522,0
-0.01847624107301983,1
-0.01847624107301983,1
-0.3247618768277886,0
-0.3357485641290429,0
-0.1815542151238157,1
-0.22234637094530438,0
0.34421134879759396,1
0.06410521215670503,1
-0.3303096100195111,0
-0.14710750576344747,1
-0.35075101254783486,0
-0.21781390918736118,0
-0.004788206564031407,1
-0.2549800956024953,0
0.20823749605929837,1
-0.21917364771474415,0
0.04053641101540046,1
-0.2812067323186578,0
-0.25860606500884986,0
-0.22370610947268732,0
-0.2903332973144522,0
2.510728069094437,1
-0.3030241902366931,0
-0.2935060205450124,0
-0.3220605296200545,0
-0.2767359120406226,0
-0.26767098852473625,0
-0.25860606500884986,0
-0.25860606500884986,0
-0.3492553001677136,0
-0.1770217533658725,1
-0.43537207356863417,0
-0.3129956061041681,0
-0.2640450191183817,0
-0.2812683737985658,0
-0.30393068258828176,0
-0.28125658939799514,0
-0.19243212334287935,1
-0.1724892916079293,1
-0.19515160039764526,1
-0.4199617035916273,0
-0.285800835556509,0
0.126653184416321,1
-0.0410479006275769,1
